<?xml version="1.0" encoding="UTF-8"?>
<beans xmlns="http://www.springframework.org/schema/beans"
	xmlns:xsi="http://www.w3.org/2001/XMLSchema-instance"
	xmlns:aop="http://www.springframework.org/schema/aop"
	xmlns:tx="http://www.springframework.org/schema/tx"
	xsi:schemaLocation="http://www.springframework.org/schema/beans http://www.springframework.org/schema/beans/spring-beans.xsd
		http://www.springframework.org/schema/aop http://www.springframework.org/schema/aop/spring-aop-4.0.xsd
		http://www.springframework.org/schema/tx http://www.springframework.org/schema/tx/spring-tx-4.0.xsd">

	<bean id="dataSource"
		class="org.apache.commons.dbcp.BasicDataSource" destroy-method="close">
		<property name="driverClassName"
			value="oracle.jdbc.OracleDriver" />
		<property name="url"
			value="jdbc:oracle:thin:@localhost:1521:XE" />
		<property name="username" value="system" />
		<property name="password" value="system" />
	</bean>

	<!-- Hibernate 3 Annotation SessionFactory Bean definition -->
	<!-- <bean id="hibernate3AnnotatedSessionFactory"
		class="org.springframework.orm.hibernate3.annotation.AnnotationSessionFactoryBean">
		<property name="dataSource" ref="dataSource" />
		<property name="annotatedClasses">
			<list>
				<value>com.onkar.model.Person</value>
			</list>
		</property>
		<property name="hibernateProperties">
			<props>
				<prop key="hibernate.dialect">org.hibernate.dialect.Oracle9Dialect</prop>
				<prop key="hibernate.current_session_context_class">thread</prop>
				<prop key="hibernate.show_sql">true</prop>
			</props>
		</property>
	</bean> -->

	<!-- Hibernate 4 SessionFactory Bean definition -->
	<bean id="hibernate4AnnotatedSessionFactory"
		class="org.springframework.orm.hibernate4.LocalSessionFactoryBean">
		<property name="dataSource" ref="dataSource" />
		<property name="annotatedClasses">
			<list>
				<value>com.onkar.model.Person</value>
			</list>
		</property>
		<property name="hibernateProperties">
			<props>
				<prop key="hibernate.dialect">org.hibernate.dialect.Oracle9Dialect</prop>
				<prop key="hibernate.current_session_context_class">thread</prop>
				<prop key="hibernate.show_sql">true</prop>
			</props>
		</property>
	</bean>

	<bean id="personDAO" class="com.onkar.dao.PersonDAOImpl">
		<property name="sessionFactory"
			ref="hibernate4AnnotatedSessionFactory" />
	</bean>
</beans>
